Title,Category,Tags,Challenge_Addressed,Business_Stage,Resource_Type,Time_Investment,Difficulty_Level,Prerequisites,Expected_Outcome,Keywords,Description
"Soul-Aligned Sales Page Template","Sales Pages","sales page, soul-aligned, conversion","Sales without sleaze","Starting out","Template","2 hours","Intermediate","Basic copywriting","Authentic high-converting sales page","soul-aligned sales page","Sales page that honors spiritual values"
"Heart-Centered Email Welcome Series","Email Sequences","welcome, email, heart-centered","Authentic nurturing","All stages","Template","4 hours","Intermediate","Email platform","Warm client relationships","heart-centered welcome email","5-email welcome sequence for spiritual businesses"
"Sacred Service Description Template","Service Descriptions","service, description, sacred","Clear service communication","Starting out","Template","1 hour","Beginner","Service clarity","Clear service understanding","sacred service description","Template for describing spiritual services"
"Vulnerable About Page Template","About Pages","about page, vulnerability, authentic","Personal brand authenticity","Starting out","Template","2 hours","Intermediate","Personal story","Authentic personal brand","vulnerable about page","Authentic spiritual entrepreneur about page"
"Spiritual Testimonial Request Script","Testimonial Scripts","testimonial, request, spiritual","Social proof collection","Scaling","Script","30 min","Beginner","Client relationships","Powerful testimonials","spiritual testimonial request","Script for requesting client testimonials"
"Conscious Pricing Email Template","Pricing Emails","pricing, email, conscious","Confident pricing communication","Starting out","Template","1 hour","Intermediate","Pricing strategy","Confident price increases","conscious pricing email","Email template for price increase announcements"
"Sacred Boundary Setting Post","Social Media","boundaries, setting, sacred","Professional boundaries","All stages","Template","20 min","Intermediate","Boundary awareness","Respected boundaries","boundary setting post sacred","Social media post about professional boundaries"
"Spiritual Business Story Template","Brand Stories","story, brand, spiritual","Compelling brand narrative","Starting out","Template","3 hours","Advanced","Storytelling skills","Engaging brand story","spiritual business story","Framework for sharing your spiritual business journey"
"Energy-Based Marketing Calendar","Content Calendars","calendar, energy, marketing","Aligned content planning","Scaling","Template","2 hours","Intermediate","Energy awareness","Energetically aligned content","energy marketing calendar","Content calendar based on energy cycles"
"Sacred Sales Conversation Script","Sales Scripts","sales, conversation, sacred","Sales without pushiness","Starting out","Script","1 hour","Advanced","Sales training","Comfortable sales conversations","sacred sales conversation","Heart-centered sales call framework"
"Spiritual Product Launch Sequence","Launch Sequences","product launch, spiritual, sequence","Authentic product launches","Scaling","Template","6 hours","Advanced","Product creation","Successful spiritual product launch","spiritual product launch sequence","Complete launch email sequence"
"Community Building Post Series","Community Posts","community, building, engagement","Growing spiritual community","All stages","Series","2 hours","Intermediate","Community management","Engaged community","community building posts","7-day community building social media series"
"Sacred Workshop Description Template","Workshop Descriptions","workshop, description, sacred","Workshop marketing","Starting out","Template","1 hour","Intermediate","Workshop creation","Clear workshop value","sacred workshop description","Template for marketing spiritual workshops"
"Spiritual Client Onboarding Email","Onboarding Emails","onboarding, client, spiritual","Professional client experience","All stages","Template","30 min","Beginner","Client process","Smooth client start","spiritual client onboarding","Email for welcoming new spiritual clients"
"Conscious Content Pillar Framework","Content Strategy","content pillars, conscious, strategy","Consistent content creation","Scaling","Framework","2 hours","Advanced","Content strategy","Aligned content strategy","conscious content pillars","Strategic content themes for spiritual businesses"
"Sacred No Template for Inquiries","Boundary Templates","saying no, boundaries, sacred","Respectful inquiry declining","All stages","Template","15 min","Intermediate","Boundary setting","Maintained boundaries","sacred no template","Gracefully declining misaligned opportunities"
"Spiritual Value Proposition Template","Value Propositions","value proposition, spiritual, unique","Clear value communication","Starting out","Template","1 hour","Intermediate","Value clarity","Clear unique value","spiritual value proposition","Template for communicating spiritual business value"
"Heart-Centered Objection Handling","Objection Handling","objections, heart-centered, sales","Comfortable objection responses","Starting out","Script","2 hours","Advanced","Sales objections","Confident objection handling","heart-centered objection handling","Spiritual approach to sales objections"
"Sacred Social Media Bio Template","Social Media","bio, profile, sacred","Professional social presence","Starting out","Template","30 min","Beginner","Social media","Clear professional identity","sacred social media bio","Spiritual business social media bio"
"Spiritual Email Signature Template","Email Signatures","email signature, spiritual, professional","Professional email presence","All stages","Template","15 min","Beginner","Email account","Professional spiritual image","spiritual email signature","Email signature for spiritual entrepreneurs"
"Conscious Affiliate Promotion Script","Affiliate Marketing","affiliate, promotion, conscious","Ethical affiliate marketing","Scaling","Script","45 min","Intermediate","Affiliate relationships","Ethical affiliate income","conscious affiliate promotion","Script for promoting aligned products"
"Sacred Client Feedback Request","Feedback Requests","feedback, client, improvement","Service improvement","All stages","Template","20 min","Beginner","Client relationships","Better service delivery","sacred client feedback","Template for requesting client feedback"
"Spiritual Podcast Intro Template","Podcast Templates","podcast, intro, spiritual","Professional podcast presence","Scaling","Template","30 min","Intermediate","Podcast setup","Engaging podcast introduction","spiritual podcast intro","Professional spiritual podcast introduction"
"Heart-Centered Crisis Communication","Crisis Communication","crisis, communication, heart","Authentic crisis response","All stages","Template","1 hour","Advanced","Crisis management","Maintained trust during crisis","crisis communication heart-centered","Template for handling business crises"
"Sacred Collaboration Proposal","Collaboration Templates","collaboration, proposal, sacred","Partnership creation","Scaling","Template","90 min","Advanced","Partnership strategy","Successful spiritual partnerships","sacred collaboration proposal","Template for proposing spiritual business partnerships"
"Spiritual Business Newsletter Template","Newsletters","newsletter, business, spiritual","Regular client communication","Scaling","Template","2 hours","Intermediate","Newsletter platform","Engaged email subscribers","spiritual business newsletter","Monthly newsletter template for spiritual businesses"
"Conscious Upsell Email Template","Upsell Templates","upsell, email, conscious","Ethical upselling","Scaling","Template","45 min","Advanced","Sales process","Increased revenue without pushiness","conscious upsell email","Ethical template for offering additional services"
"Sacred Website Copy Framework","Website Copy","website, copy, sacred","Professional website presence","Starting out","Framework","4 hours","Advanced","Copywriting skills","Converting website copy","sacred website copy framework","Complete website copy structure"
"Spiritual Client Love Letter","Client Appreciation","love letter, client, appreciation","Client relationship deepening","All stages","Template","30 min","Beginner","Client appreciation","Deeper client relationships","spiritual client love letter","Heartfelt client appreciation template"
"Heart-Centered Webinar Script","Webinar Scripts","webinar, heart-centered, presentation","Authentic webinar delivery","Scaling","Script","3 hours","Advanced","Presentation skills","Engaging spiritual webinars","heart-centered webinar script","Complete webinar presentation framework"
"Sacred Refund Policy Template","Policy Templates","refund, policy, sacred","Conscious business policies","All stages","Template","30 min","Intermediate","Business policies","Clear refund expectations","sacred refund policy","Spiritual business refund policy"
"Spiritual Business Card Template","Business Cards","business card, spiritual, networking","Professional networking materials","Starting out","Template","1 hour","Beginner","Design basics","Professional first impressions","spiritual business card","Business card design for spiritual entrepreneurs"
"Conscious Competition Response","Competition Scripts","competition, response, conscious","Healthy competition mindset","Scaling","Script","20 min","Intermediate","Competition awareness","Collaborative rather than competitive mindset","conscious competition response","Response template for competitive situations"
"Sacred Client Testimonial Format","Testimonial Templates","testimonial, format, sacred","Powerful social proof","All stages","Format","30 min","Intermediate","Testimonial collection","Compelling social proof","sacred testimonial format","Template for formatting client testimonials"
"Spiritual Business Apology Template","Apology Templates","apology, business, spiritual","Authentic mistake acknowledgment","All stages","Template","45 min","Advanced","Conflict resolution","Restored client trust","spiritual business apology","Template for authentic business apologies"
"Heart-Centered Product Description","Product Descriptions","product, description, heart","Product marketing","Scaling","Template","1 hour","Intermediate","Product knowledge","Clear product value","heart-centered product description","Template for describing spiritual products"
"Sacred Client Offboarding Email","Offboarding Templates","offboarding, client, sacred","Graceful client endings","All stages","Template","30 min","Intermediate","Client management","Positive client departures","sacred client offboarding","Email for ending client relationships gracefully"
"Spiritual Instagram Story Templates","Social Media","Instagram, stories, spiritual","Consistent story content","All stages","Template","1 hour","Beginner","Instagram account","Regular story engagement","spiritual Instagram stories","Ready-made spiritual Instagram story templates"
"Conscious Lead Magnet Template","Lead Magnets","lead magnet, conscious, opt-in","Ethical list building","Scaling","Template","2 hours","Intermediate","Lead generation","Quality email subscribers","conscious lead magnet","Lead magnet that provides genuine value"
"Sacred Speaker Bio Template","Speaker Bios","speaker, bio, sacred","Professional speaking presence","Established","Template","45 min","Intermediate","Speaking experience","Clear speaker credentials","sacred speaker bio","Professional bio for spiritual speakers"
"Spiritual Workshop Promo Template","Workshop Promotion","workshop, promotion, spiritual","Workshop marketing","Starting out","Template","1 hour","Intermediate","Workshop creation","Full workshop attendance","spiritual workshop promotion","Marketing template for spiritual workshops"
"Heart-Centered LinkedIn Post","LinkedIn Templates","LinkedIn, post, heart-centered","Professional networking","Scaling","Template","20 min","Intermediate","LinkedIn presence","Professional spiritual connections","heart-centered LinkedIn post","LinkedIn content for spiritual entrepreneurs"
"Sacred Client Intake Form","Intake Forms","intake, form, client","Professional client onboarding","All stages","Form","1 hour","Intermediate","Client process","Smooth client intake","sacred client intake form","Spiritual client intake questionnaire"
"Spiritual Business Mission Statement","Mission Statements","mission, statement, spiritual","Clear business purpose","Starting out","Template","2 hours","Advanced","Purpose clarity","Clear business direction","spiritual business mission","Template for spiritual business mission statement"
"Conscious Facebook Ad Copy","Ad Templates","Facebook, ads, conscious","Spiritual business advertising","Scaling","Template","1 hour","Advanced","Facebook ads","Effective spiritual advertising","conscious Facebook ads","Facebook ad copy for spiritual businesses"
"Sacred Client Journey Map","Customer Journey","journey, map, sacred","Client experience optimization","Scaling","Map","3 hours","Advanced","Customer experience","Optimized client experience","sacred client journey map","Mapping the spiritual client experience"
"Spiritual Business Tagline Generator","Taglines","tagline, business, spiritual","Memorable business positioning","Starting out","Generator","30 min","Beginner","Brand clarity","Memorable business tagline","spiritual business tagline","Generator for spiritual business taglines"
"Heart-Centered Press Release","Press Templates","press release, heart-centered, media","Media coverage","Established","Template","2 hours","Advanced","Media relations","Positive media coverage","heart-centered press release","Press release template for spiritual businesses"
"Sacred Client Welcome Package","Welcome Packages","welcome, package, client","Exceptional client experience","All stages","Package","2 hours","Intermediate","Client service","Delighted new clients","sacred client welcome package","Complete new client welcome materials"
"Spiritual Business Elevator Pitch","Elevator Pitches","elevator pitch, business, spiritual","Clear business communication","Starting out","Template","30 min","Intermediate","Business clarity","Confident business description","spiritual business elevator pitch","30-second spiritual business description"
"Conscious Webinar Registration Page","Landing Pages","webinar, registration, conscious","Webinar sign-ups","Scaling","Template","1 hour","Advanced","Landing page creation","High webinar attendance","conscious webinar registration","Landing page for spiritual webinars"
"Sacred Business Thank You Template","Thank You Templates","thank you, business, gratitude","Client appreciation","All stages","Template","15 min","Beginner","None","Appreciated clients","sacred business thankyou","Thank you template for spiritual businesses"
"Spiritual Content Repurposing Guide","Content Strategy","repurposing, content, efficiency","Content efficiency","Scaling","Guide","1 hour","Advanced","Content creation","Maximum content value","spiritual content repurposing","Guide for repurposing spiritual content"
"Heart-Centered Video Script Template","Video Scripts","video, script, heart-centered","Authentic video content","All stages","Template","1 hour","Intermediate","Video creation","Engaging spiritual videos","heart-centered video script","Script template for spiritual business videos"